{
  "version": 1,
  "author": "Uri Shaked",
  "editor": "wokwi",
  "parts": [
    { "type": "wokwi-arduino-uno", "id": "uno", "top": 163.8, "left": 18.6, "attrs": {} },
    { "type": "wokwi-dht22", "id": "dht", "top": 0, "left": 70, "attrs": {} },
    {
      "type": "wokwi-resistor",
      "id": "r1",
      "top": 109.55,
      "left": 211.2,
      "attrs": { "value": "220" }
    },
    {
      "type": "wokwi-led",
      "id": "led1",
      "top": 85.2,
      "left": 275.4,
      "rotate": 90,
      "attrs": { "color": "green" }
    },
    {
      "type": "wokwi-led",
      "id": "led2",
      "top": 85.2,
      "left": 371.4,
      "rotate": 90,
      "attrs": { "color": "red", "flip": "1" }
    },
    {
      "type": "wokwi-resistor",
      "id": "r2",
      "top": 62.4,
      "left": 325.85,
      "rotate": 90,
      "attrs": { "value": "220" }
    },
    {
      "type": "wokwi-buzzer",
      "id": "bz1",
      "top": 232.8,
      "left": 385.8,
      "attrs": { "volume": "0.1" }
    },
    {
      "type": "wokwi-resistor",
      "id": "r3",
      "top": 350.4,
      "left": 393.05,
      "rotate": 90,
      "attrs": { "value": "100" }
    }
  ],
  "connections": [
    [ "uno:GND.1", "dht:GND", "black", [ "v-20", "*", "v5" ] ],
    [ "uno:5", "dht:SDA", "green", [ "v-16", "*", "h0" ] ],
    [ "uno:5V", "dht:VCC", "red", [ "v20", "*", "h0" ] ],
    [ "led1:A", "r1:2", "green", [ "h-9.6" ] ],
    [ "uno:3", "r1:1", "green", [ "v-34.6", "h-35.8" ] ],
    [ "led1:C", "uno:GND.3", "green", [ "h-19.2", "v-38", "h76.8", "v297.6", "h-134.4" ] ],
    [ "led2:A", "r2:2", "green", [ "h-19.2", "v-9.2" ] ],
    [ "uno:6", "r2:1", "green", [ "v-5.8", "h-16.9", "v-134.4" ] ],
    [ "led2:C", "uno:GND.2", "green", [ "h-28.8", "v268.8", "h0", "v-9.6", "h-153.6" ] ],
    [ "bz1:1", "uno:GND.2", "green", [ "v76.8", "h-230.4", "v0", "h9.6" ] ],
    [ "bz1:2", "r3:1", "green", [ "v0" ] ],
    [ "r3:2", "uno:9", "green", [ "h0", "v8.4", "h28.8", "v-364.8", "h-268.8" ] ]
  ],
  "dependencies": {}
}